image_path,label
./CIFAR10_Syn_Coreset/ipc50/airplane/062ee777-f6a2-4be1-8a3d-b17adafba0a3.png,0
./CIFAR10_Syn_Coreset/ipc50/airplane/08565fd4-5bf6-4f6c-a01f-44916b32d414.png,0
./CIFAR10_Syn_Coreset/ipc50/airplane/0a20364f-46c8-455d-8750-d5ddcfe3a60c.png,0
./CIFAR10_Syn_Coreset/ipc50/airplane/0b72f02a-ba0c-4903-a70d-7fa818961568.png,0
./CIFAR10_Syn_Coreset/ipc50/airplane/0d1a3202-d084-4ef8-bda3-5dd72106acdd.png,0
./CIFAR10_Syn_Coreset/ipc50/airplane/0d4e6c71-1945-4c8d-b908-07ae46444137.png,0
./CIFAR10_Syn_Coreset/ipc50/airplane/0dad8558-0a89-48bf-aae8-7140981d96b5.png,0
./CIFAR10_Syn_Coreset/ipc50/airplane/101d4c8f-0ba8-46c3-9b1d-30f2cf5c2229.png,0
./CIFAR10_Syn_Coreset/ipc50/airplane/138d411c-eff0-44e9-a33d-e19a05799ebf.png,0
./CIFAR10_Syn_Coreset/ipc50/airplane/1a05c1fd-ca46-42dc-8d3c-eec38a602111.png,0
./CIFAR10_Syn_Coreset/ipc50/airplane/1bdba2b4-552c-4857-bcd5-8db233b6c981.png,0
./CIFAR10_Syn_Coreset/ipc50/airplane/23254337-f6cc-4867-b94e-f8464143206b.png,0
./CIFAR10_Syn_Coreset/ipc50/airplane/252cb0d3-67ad-46c9-afbe-3325a69b7d69.png,0
./CIFAR10_Syn_Coreset/ipc50/airplane/26e82c66-1bcf-4e45-b38f-9e211638e5b0.png,0
./CIFAR10_Syn_Coreset/ipc50/airplane/2944612b-61c5-4381-b9a3-3d3a824b6897.png,0
./CIFAR10_Syn_Coreset/ipc50/airplane/29a46d2b-9c5c-4c6a-9d69-ba3ac020cb84.png,0
./CIFAR10_Syn_Coreset/ipc50/airplane/2bbcc21b-e5fb-42cf-84de-369446c7864f.png,0
./CIFAR10_Syn_Coreset/ipc50/airplane/2f2950ee-e4b7-45a9-8ede-ea6f225eb023.png,0
./CIFAR10_Syn_Coreset/ipc50/airplane/3f6cc6c2-97d2-47e3-a20c-e73e0582b1cb.png,0
./CIFAR10_Syn_Coreset/ipc50/airplane/4b5a5341-6d1a-45e0-b63a-e5f2ee36c7ce.png,0
./CIFAR10_Syn_Coreset/ipc50/airplane/541af7f0-70e6-489e-93a0-dcbae8694915.png,0
./CIFAR10_Syn_Coreset/ipc50/airplane/56d7cbb8-6ad7-4658-ba0b-686d7d548830.png,0
./CIFAR10_Syn_Coreset/ipc50/airplane/6babeeb2-8ce6-4d7f-b0ef-5104b45613f5.png,0
./CIFAR10_Syn_Coreset/ipc50/airplane/6c3e5a8d-c6ba-46fc-becb-a1cc876d5ab9.png,0
./CIFAR10_Syn_Coreset/ipc50/airplane/71296286-9613-42e8-9c3e-d8b46eb6af95.png,0
./CIFAR10_Syn_Coreset/ipc50/airplane/78b64f08-e43c-4ec0-a83a-dfcfd8dcf93c.png,0
./CIFAR10_Syn_Coreset/ipc50/airplane/81e33452-1e6f-492e-a71e-d53f798324cf.png,0
./CIFAR10_Syn_Coreset/ipc50/airplane/88b9e036-7b5a-499a-bb11-d19468f4b631.png,0
./CIFAR10_Syn_Coreset/ipc50/airplane/91d91432-30c9-481b-b4b3-1e00c002a90a.png,0
./CIFAR10_Syn_Coreset/ipc50/airplane/94cd54e1-2103-4abb-bef5-c13668a1b775.png,0
./CIFAR10_Syn_Coreset/ipc50/airplane/953ba12f-bdcf-41f5-b04e-b85073337b77.png,0
./CIFAR10_Syn_Coreset/ipc50/airplane/969646ba-4352-489d-9fd4-c771599b4d67.png,0
./CIFAR10_Syn_Coreset/ipc50/airplane/978231e5-28d2-42b1-8474-b823cdf85d5b.png,0
./CIFAR10_Syn_Coreset/ipc50/airplane/9cbf4cc0-8752-4b61-8689-bf1ccc08e9b9.png,0
./CIFAR10_Syn_Coreset/ipc50/airplane/9d7e3256-aa81-4656-8eb0-79ba9f63d8e2.png,0
./CIFAR10_Syn_Coreset/ipc50/airplane/9f64a652-21a3-42b0-8c16-c2dd69a2d3d1.png,0
./CIFAR10_Syn_Coreset/ipc50/airplane/a4478bb8-614b-4baf-a7f5-db166810f8a9.png,0
./CIFAR10_Syn_Coreset/ipc50/airplane/a6f5f118-9ba1-4fbe-a666-de3671929177.png,0
./CIFAR10_Syn_Coreset/ipc50/airplane/ae72a540-4bb9-48ad-b905-5f70d3bfc35a.png,0
./CIFAR10_Syn_Coreset/ipc50/airplane/b7290fea-5433-4280-b060-d636602f0509.png,0
./CIFAR10_Syn_Coreset/ipc50/airplane/bae339aa-1ca5-41b2-9b56-9793b73c678a.png,0
./CIFAR10_Syn_Coreset/ipc50/airplane/cd2034bf-913a-4f13-ba94-4fd2b5fe1785.png,0
./CIFAR10_Syn_Coreset/ipc50/airplane/d784977d-0e12-4a78-a4a9-990d68e69bce.png,0
./CIFAR10_Syn_Coreset/ipc50/airplane/d807cab2-2ad4-4b5b-99f2-baf614e43816.png,0
./CIFAR10_Syn_Coreset/ipc50/airplane/e037c48c-ff52-48c3-838e-c633ee3c5cf1.png,0
./CIFAR10_Syn_Coreset/ipc50/airplane/eff36928-bc81-486b-a780-342368786cc0.png,0
./CIFAR10_Syn_Coreset/ipc50/airplane/f09c62d2-3863-4099-9bc1-ac6eb83955fb.png,0
./CIFAR10_Syn_Coreset/ipc50/airplane/f7ee17aa-dea3-4845-b8d2-e9184047080e.png,0
./CIFAR10_Syn_Coreset/ipc50/airplane/f9e3daa3-45aa-49ff-b6d2-054a5cdbdaf7.png,0
./CIFAR10_Syn_Coreset/ipc50/airplane/fb3c26c2-0d1f-46ca-a88a-0559ade1b97d.png,0
./CIFAR10_Syn_Coreset/ipc50/automobile/0186ff75-b514-4387-be9c-cc0d160dea84.png,1
./CIFAR10_Syn_Coreset/ipc50/automobile/030f2791-c694-42c7-83e2-8d9ffd6956bc.png,1
./CIFAR10_Syn_Coreset/ipc50/automobile/08a00530-8547-4662-bca4-27a18fe4610b.png,1
./CIFAR10_Syn_Coreset/ipc50/automobile/090361ad-43df-46b5-985e-fdcbf6faed87.png,1
./CIFAR10_Syn_Coreset/ipc50/automobile/0c4423fb-47fe-4907-b7d3-177c3b004550.png,1
./CIFAR10_Syn_Coreset/ipc50/automobile/0eb65df3-62ec-45ed-a388-9e91b026e212.png,1
./CIFAR10_Syn_Coreset/ipc50/automobile/0eec185c-9411-48a8-b279-bff830d7e38d.png,1
./CIFAR10_Syn_Coreset/ipc50/automobile/14574128-aa4a-4468-883f-43f48c84473e.png,1
./CIFAR10_Syn_Coreset/ipc50/automobile/1734572d-78d5-495a-a6be-d85eaf0b22b5.png,1
./CIFAR10_Syn_Coreset/ipc50/automobile/1ea77fb7-7771-4c22-a563-c5c4be463bce.png,1
./CIFAR10_Syn_Coreset/ipc50/automobile/20cc4ea8-eb2e-442d-a0f2-7ad2738903ec.png,1
./CIFAR10_Syn_Coreset/ipc50/automobile/21161e09-5311-4c59-9433-8bc2528bee19.png,1
./CIFAR10_Syn_Coreset/ipc50/automobile/2243a2ee-141b-4a1b-ab2e-a4d068f7fcb6.png,1
./CIFAR10_Syn_Coreset/ipc50/automobile/23a009f2-6905-437d-8676-dfeb056d237b.png,1
./CIFAR10_Syn_Coreset/ipc50/automobile/24b4675d-e54c-43ca-9a84-74569185c461.png,1
./CIFAR10_Syn_Coreset/ipc50/automobile/29d6106d-e924-42e4-8ab2-00c796da596c.png,1
./CIFAR10_Syn_Coreset/ipc50/automobile/2ad1cd59-872e-4f91-bedc-9e9c83fe9696.png,1
./CIFAR10_Syn_Coreset/ipc50/automobile/2ca92eca-5332-4657-98a4-e8f9f35cc582.png,1
./CIFAR10_Syn_Coreset/ipc50/automobile/2f3a80c9-dae3-402d-90a8-6de8f043a6f0.png,1
./CIFAR10_Syn_Coreset/ipc50/automobile/3cc2920a-ef39-4aa1-8b2f-d74026f937a7.png,1
./CIFAR10_Syn_Coreset/ipc50/automobile/426f9525-69b8-4b86-a4bb-565077af2501.png,1
./CIFAR10_Syn_Coreset/ipc50/automobile/42833fc1-b8f3-4a58-9e9f-ee5e030a836b.png,1
./CIFAR10_Syn_Coreset/ipc50/automobile/4bcb0457-af27-4110-af67-5e4d87a89dd9.png,1
./CIFAR10_Syn_Coreset/ipc50/automobile/4bf7e9cf-c55e-4134-9c23-c4d6f48546c3.png,1
./CIFAR10_Syn_Coreset/ipc50/automobile/4db3b150-4974-4dd8-a159-83c91caf7342.png,1
./CIFAR10_Syn_Coreset/ipc50/automobile/50762785-a60f-47e2-b074-b6949612969d.png,1
./CIFAR10_Syn_Coreset/ipc50/automobile/6108221a-6ce4-4099-9709-e88f613a93dc.png,1
./CIFAR10_Syn_Coreset/ipc50/automobile/62b1a5d4-665e-472d-9c72-24be6310e2af.png,1
./CIFAR10_Syn_Coreset/ipc50/automobile/6a15978e-6652-466f-9141-a569d0afd666.png,1
./CIFAR10_Syn_Coreset/ipc50/automobile/6a1eafd5-9d15-43f6-87ab-c17c02d59ab6.png,1
./CIFAR10_Syn_Coreset/ipc50/automobile/6bc46499-2a83-4740-93e4-9ad2ce44cc1b.png,1
./CIFAR10_Syn_Coreset/ipc50/automobile/7227b4a4-4db9-42c8-888f-b46ef61199ef.png,1
./CIFAR10_Syn_Coreset/ipc50/automobile/7e5f6da0-6b97-4922-b9a3-f6f74942b697.png,1
./CIFAR10_Syn_Coreset/ipc50/automobile/7ed5d3f7-5b80-4e90-aa12-6b77173bc51e.png,1
./CIFAR10_Syn_Coreset/ipc50/automobile/8549e798-e530-488a-9471-eba1fc920643.png,1
./CIFAR10_Syn_Coreset/ipc50/automobile/9285573c-41b5-4ee6-bb77-acc7d04538fc.png,1
./CIFAR10_Syn_Coreset/ipc50/automobile/a1717483-7980-4450-b1b3-edf4f58234a2.png,1
./CIFAR10_Syn_Coreset/ipc50/automobile/a5d7870a-b034-4cda-8d6a-02734b3aec85.png,1
./CIFAR10_Syn_Coreset/ipc50/automobile/a8e66b50-8537-4930-ac2e-2faf8195ed68.png,1
./CIFAR10_Syn_Coreset/ipc50/automobile/a9dfe148-cb61-4c0b-8a2d-888782431916.png,1
./CIFAR10_Syn_Coreset/ipc50/automobile/ab0acd0a-ff99-4d56-a0e6-fe997de71d5a.png,1
./CIFAR10_Syn_Coreset/ipc50/automobile/b0f7c270-4be2-4a8b-ab62-0e9bfae55b06.png,1
./CIFAR10_Syn_Coreset/ipc50/automobile/b19693ff-c559-4d16-979c-78ac908119b8.png,1
./CIFAR10_Syn_Coreset/ipc50/automobile/b31fa304-1b3f-4d57-b896-a38f4a38124d.png,1
./CIFAR10_Syn_Coreset/ipc50/automobile/c412978c-9daa-4c8c-8e16-1f57fcfbbcab.png,1
./CIFAR10_Syn_Coreset/ipc50/automobile/c5f90049-0091-45a4-805c-0871e30e9154.png,1
./CIFAR10_Syn_Coreset/ipc50/automobile/d20aecfd-d4d0-4e96-b223-c66b13e4b5c3.png,1
./CIFAR10_Syn_Coreset/ipc50/automobile/dafa7846-50fa-49ac-8dc7-bf25fd5575b3.png,1
./CIFAR10_Syn_Coreset/ipc50/automobile/e388fac8-6eeb-437e-8757-e00106851035.png,1
./CIFAR10_Syn_Coreset/ipc50/automobile/e8d1503b-9e37-4e2f-b867-f4dc80356c30.png,1
./CIFAR10_Syn_Coreset/ipc50/bird/0c267975-26c5-4341-9459-8d83b5bdf345.png,2
./CIFAR10_Syn_Coreset/ipc50/bird/0c4878dd-43da-4623-8d70-912ca35ceb1d.png,2
./CIFAR10_Syn_Coreset/ipc50/bird/0d8c6a94-6ffb-4a7e-ae44-a25d360af0d0.png,2
./CIFAR10_Syn_Coreset/ipc50/bird/18719d35-4987-4525-9fca-51f4c0e4bd21.png,2
./CIFAR10_Syn_Coreset/ipc50/bird/1bcb76aa-df7c-4187-9465-2f11756fb750.png,2
./CIFAR10_Syn_Coreset/ipc50/bird/24bc5f4a-a144-4763-a962-3604ab5ed8c5.png,2
./CIFAR10_Syn_Coreset/ipc50/bird/25baf118-6d6d-473e-be83-091bb2c8aa61.png,2
./CIFAR10_Syn_Coreset/ipc50/bird/2837b085-ebae-4e9d-9d1b-1ae23a591549.png,2
./CIFAR10_Syn_Coreset/ipc50/bird/342cde27-7d0b-4ead-a3c5-a7f4225d3099.png,2
./CIFAR10_Syn_Coreset/ipc50/bird/362916b5-d5d5-485d-9fef-d1560ea4e4c1.png,2
./CIFAR10_Syn_Coreset/ipc50/bird/3b48bf59-944f-465d-b3c3-50023df51e04.png,2
./CIFAR10_Syn_Coreset/ipc50/bird/42bafbad-0b37-483d-9797-165a0b6799b3.png,2
./CIFAR10_Syn_Coreset/ipc50/bird/4cb7054b-237d-4c69-860b-165c21812c30.png,2
./CIFAR10_Syn_Coreset/ipc50/bird/4ce1419c-c95c-4cff-9a66-f24d394b630b.png,2
./CIFAR10_Syn_Coreset/ipc50/bird/4f59fb0a-7251-4142-b367-82052df5966e.png,2
./CIFAR10_Syn_Coreset/ipc50/bird/5167aaba-7641-46e1-b998-1e36a35b885f.png,2
./CIFAR10_Syn_Coreset/ipc50/bird/6dfc51bb-746d-440d-b8cb-200b0694a353.png,2
./CIFAR10_Syn_Coreset/ipc50/bird/75b226f9-00d6-4015-a0c7-3a850a9c217e.png,2
./CIFAR10_Syn_Coreset/ipc50/bird/796f43a5-0816-4bda-a6a1-2d77818b8f20.png,2
./CIFAR10_Syn_Coreset/ipc50/bird/79efacff-78f0-4730-a37b-cd97f033e1d9.png,2
./CIFAR10_Syn_Coreset/ipc50/bird/7a629043-6869-480c-87eb-6a1aa08f193c.png,2
./CIFAR10_Syn_Coreset/ipc50/bird/845977bc-b281-48f3-b1c8-dd64c37f4d01.png,2
./CIFAR10_Syn_Coreset/ipc50/bird/8ecdddb5-e9b6-41d1-a5b4-e8028e90ddcc.png,2
./CIFAR10_Syn_Coreset/ipc50/bird/8f5ddd15-800a-4469-a4ef-54adb52c9969.png,2
./CIFAR10_Syn_Coreset/ipc50/bird/95166687-df5a-4397-a669-92c7af9f01af.png,2
./CIFAR10_Syn_Coreset/ipc50/bird/97ddef0b-93fd-42b8-9ece-25ad0048ef52.png,2
./CIFAR10_Syn_Coreset/ipc50/bird/9a86409b-af59-481d-851c-624fa0165f80.png,2
./CIFAR10_Syn_Coreset/ipc50/bird/9aa81983-5a92-472a-a74b-d01d5133df49.png,2
./CIFAR10_Syn_Coreset/ipc50/bird/9ad5a3a0-5582-4715-bd6e-05ed2fd73438.png,2
./CIFAR10_Syn_Coreset/ipc50/bird/9d7ff0a2-0938-4b6c-8fc6-dee202fbec9c.png,2
./CIFAR10_Syn_Coreset/ipc50/bird/a4043ce7-2a13-415e-8240-4ef92bc46caf.png,2
./CIFAR10_Syn_Coreset/ipc50/bird/a759a7ff-299d-421c-90e8-e0afbe9008cb.png,2
./CIFAR10_Syn_Coreset/ipc50/bird/a9a6aec6-d447-4335-9006-41de68fac4c1.png,2
./CIFAR10_Syn_Coreset/ipc50/bird/ab01ac5e-a41b-4106-933c-af61903975da.png,2
./CIFAR10_Syn_Coreset/ipc50/bird/b4e8287f-2435-4bac-843c-b353905c0c2c.png,2
./CIFAR10_Syn_Coreset/ipc50/bird/b8131780-df2f-4af0-9ab4-5de2c33b3086.png,2
./CIFAR10_Syn_Coreset/ipc50/bird/cb0ffd1b-73b9-476e-b3f0-2484be0f90ba.png,2
./CIFAR10_Syn_Coreset/ipc50/bird/cd1be1d3-e3a2-4401-9cc0-f043eb43b6f5.png,2
./CIFAR10_Syn_Coreset/ipc50/bird/cd24c423-a897-4dbd-b0df-e8187ae7d16f.png,2
./CIFAR10_Syn_Coreset/ipc50/bird/ceb42b4e-16cb-4113-a756-fb529a85f072.png,2
./CIFAR10_Syn_Coreset/ipc50/bird/d1d603c9-9178-488d-9c49-c9f3de4ef5ca.png,2
./CIFAR10_Syn_Coreset/ipc50/bird/d5e0486c-4793-4638-8424-6d7c2b5cfbb8.png,2
./CIFAR10_Syn_Coreset/ipc50/bird/d6c7db71-fcf0-416e-a026-07dae2c4d9cf.png,2
./CIFAR10_Syn_Coreset/ipc50/bird/d98d223a-b066-4a58-bc1f-c7636b679662.png,2
./CIFAR10_Syn_Coreset/ipc50/bird/dadd15f4-cb51-46f2-8a44-ccc000adf2eb.png,2
./CIFAR10_Syn_Coreset/ipc50/bird/dbd177a9-867a-42f8-9cc8-61f9baa889fe.png,2
./CIFAR10_Syn_Coreset/ipc50/bird/e4545925-4982-4e84-8476-9a6c5b8ded8b.png,2
./CIFAR10_Syn_Coreset/ipc50/bird/ec8a2c55-d9cf-48fb-b9dc-5ae1c8f11f08.png,2
./CIFAR10_Syn_Coreset/ipc50/bird/f4d602b6-ba17-45d1-bec7-88dc6bbb1b5e.png,2
./CIFAR10_Syn_Coreset/ipc50/bird/fddde372-acf7-4ee0-a3ab-fac6248c9236.png,2
./CIFAR10_Syn_Coreset/ipc50/cat/031d7377-fa44-48f3-a053-5c36475a88d7.png,3
./CIFAR10_Syn_Coreset/ipc50/cat/0507a912-700f-412f-b7d6-211ffd02d94b.png,3
./CIFAR10_Syn_Coreset/ipc50/cat/088753f5-92e6-462d-a475-fac5cb8c763d.png,3
./CIFAR10_Syn_Coreset/ipc50/cat/19250f0d-10f6-4147-b4db-d5cd2e7202fc.png,3
./CIFAR10_Syn_Coreset/ipc50/cat/1f1a136f-9c12-4a50-a1b4-97d146f4a6ba.png,3
./CIFAR10_Syn_Coreset/ipc50/cat/1ff2ab7c-dcdd-447c-91d8-ebc532e277d0.png,3
./CIFAR10_Syn_Coreset/ipc50/cat/2b5e8330-2441-4c47-836e-5f8e9dc552ef.png,3
./CIFAR10_Syn_Coreset/ipc50/cat/2d57fc25-814e-46bf-9b73-6c6ed88eaf93.png,3
./CIFAR10_Syn_Coreset/ipc50/cat/32574c90-9044-47c3-97e1-36107a663563.png,3
./CIFAR10_Syn_Coreset/ipc50/cat/34179d12-c7c0-46eb-af0c-ae38c3af507a.png,3
./CIFAR10_Syn_Coreset/ipc50/cat/3562408c-4ad4-4e69-a771-f51df1386d94.png,3
./CIFAR10_Syn_Coreset/ipc50/cat/37aa5ba9-6363-43b5-aa14-009f3cee25df.png,3
./CIFAR10_Syn_Coreset/ipc50/cat/39c1bab6-9b3c-4f11-9122-5b0bd26893b6.png,3
./CIFAR10_Syn_Coreset/ipc50/cat/39e25f46-db14-4f2b-a44f-aa8db8d8dfd7.png,3
./CIFAR10_Syn_Coreset/ipc50/cat/40ad8ca8-fa3e-4060-8f51-a8ef6919fc97.png,3
./CIFAR10_Syn_Coreset/ipc50/cat/44b4b55e-5719-4bb7-891e-5ec3a0095ed0.png,3
./CIFAR10_Syn_Coreset/ipc50/cat/4ac027ef-d821-4c23-827a-0338464a6065.png,3
./CIFAR10_Syn_Coreset/ipc50/cat/4f256c40-3f1f-46a6-8e45-458cb481a4ec.png,3
./CIFAR10_Syn_Coreset/ipc50/cat/52b6ddd4-a180-4da4-b232-7756d99d25a6.png,3
./CIFAR10_Syn_Coreset/ipc50/cat/5d872abe-0c54-4edb-a3db-db3b81c7c319.png,3
./CIFAR10_Syn_Coreset/ipc50/cat/5f8e593b-9cd0-43ed-94d4-58c04be7bced.png,3
./CIFAR10_Syn_Coreset/ipc50/cat/60bf079c-73f1-45d4-8e70-c039cbf43030.png,3
./CIFAR10_Syn_Coreset/ipc50/cat/6ae78466-5e98-4c33-8ee4-af1fd96bf2d6.png,3
./CIFAR10_Syn_Coreset/ipc50/cat/6ec677eb-de77-464b-b820-d970305ecd75.png,3
./CIFAR10_Syn_Coreset/ipc50/cat/7341fa64-5154-4cf0-95ea-cb1e7d4e12d2.png,3
./CIFAR10_Syn_Coreset/ipc50/cat/786c1ce9-c9c4-453b-a6df-226c44ca4ea3.png,3
./CIFAR10_Syn_Coreset/ipc50/cat/7e725f6a-5078-4a6f-a18c-9e728b509433.png,3
./CIFAR10_Syn_Coreset/ipc50/cat/8079f4c0-b9f1-451d-b453-c8acebfe3b23.png,3
./CIFAR10_Syn_Coreset/ipc50/cat/8da882d3-eafa-4926-ab6a-c8db688e2250.png,3
./CIFAR10_Syn_Coreset/ipc50/cat/9d823dfd-1639-4f81-b367-60293fa65a8c.png,3
./CIFAR10_Syn_Coreset/ipc50/cat/a22a4964-8db6-4267-aca5-0c4a17af7ce7.png,3
./CIFAR10_Syn_Coreset/ipc50/cat/a3f83467-4cc7-4018-86ef-bd52dd546889.png,3
./CIFAR10_Syn_Coreset/ipc50/cat/a78572d1-2ecc-476a-9203-a70c56dd8539.png,3
./CIFAR10_Syn_Coreset/ipc50/cat/a83e0273-920a-4d2b-8f4b-ba6bc6ffbe38.png,3
./CIFAR10_Syn_Coreset/ipc50/cat/aefe4fae-95e8-4467-856e-c54427df8708.png,3
./CIFAR10_Syn_Coreset/ipc50/cat/b9be10ab-72e2-4d0f-97c4-b5bfa18ff05d.png,3
./CIFAR10_Syn_Coreset/ipc50/cat/ba985433-a57e-42d9-9988-4c0afe0030ef.png,3
./CIFAR10_Syn_Coreset/ipc50/cat/bbec5905-4caa-48d8-9eeb-545f7d15d1d0.png,3
./CIFAR10_Syn_Coreset/ipc50/cat/c689eecf-e482-47a3-903f-47a18559f80d.png,3
./CIFAR10_Syn_Coreset/ipc50/cat/c8526dd4-d0ae-4833-8673-e6911b08bc5f.png,3
./CIFAR10_Syn_Coreset/ipc50/cat/c855947b-891c-4ee8-a4dc-e7377eceb850.png,3
./CIFAR10_Syn_Coreset/ipc50/cat/cc6e6d33-28ba-4735-9893-db229bf165de.png,3
./CIFAR10_Syn_Coreset/ipc50/cat/d01ccfac-dee5-4b58-9779-22f464ba5721.png,3
./CIFAR10_Syn_Coreset/ipc50/cat/d0957f2e-c265-4839-9234-def15427f72b.png,3
./CIFAR10_Syn_Coreset/ipc50/cat/dc9d44a8-4815-4de9-99a4-4ed739cca395.png,3
./CIFAR10_Syn_Coreset/ipc50/cat/ddf7fa95-0bdf-4704-b18a-3d9001c3a8dc.png,3
./CIFAR10_Syn_Coreset/ipc50/cat/e4a34585-4f52-44f4-ac11-ff61f02419ba.png,3
./CIFAR10_Syn_Coreset/ipc50/cat/e554abcf-fea4-41cb-8e30-e9138a54fb2d.png,3
./CIFAR10_Syn_Coreset/ipc50/cat/f18d5b5a-57a6-47ac-b32a-6e87be9640cc.png,3
./CIFAR10_Syn_Coreset/ipc50/cat/f7a3fb4f-2a99-4ff1-9b7b-02a5456486f5.png,3
./CIFAR10_Syn_Coreset/ipc50/deer/00270b9b-661e-4c5f-9da0-6bf4b8eeaa6b.png,4
./CIFAR10_Syn_Coreset/ipc50/deer/0f8e95e6-49a7-485a-ae7a-0d659fb05e7d.png,4
./CIFAR10_Syn_Coreset/ipc50/deer/13983bb7-8526-43f4-a09d-c99bf2e84c88.png,4
./CIFAR10_Syn_Coreset/ipc50/deer/23e65a51-c630-4ace-8feb-a9811db2a600.png,4
./CIFAR10_Syn_Coreset/ipc50/deer/2522d7de-127e-46b4-887c-20e4bf8855ab.png,4
./CIFAR10_Syn_Coreset/ipc50/deer/25de69ac-90cb-499e-b9df-20e6e92104a2.png,4
./CIFAR10_Syn_Coreset/ipc50/deer/272baa00-7891-4716-bd56-c47ca95d3c39.png,4
./CIFAR10_Syn_Coreset/ipc50/deer/30d37b69-530c-48d0-b0fc-6edb5824ccb6.png,4
./CIFAR10_Syn_Coreset/ipc50/deer/3628eb29-453f-4896-b4b8-8b92a64283f4.png,4
./CIFAR10_Syn_Coreset/ipc50/deer/38cf6d23-00cc-430e-aaef-8271df9ebb48.png,4
./CIFAR10_Syn_Coreset/ipc50/deer/39a4e414-7f04-479a-9a54-839b34d543df.png,4
./CIFAR10_Syn_Coreset/ipc50/deer/41c7f9fa-5a5f-4e5f-8061-c20464810a19.png,4
./CIFAR10_Syn_Coreset/ipc50/deer/4aca9b0e-78a7-4db4-a104-bbb815d390bf.png,4
./CIFAR10_Syn_Coreset/ipc50/deer/4cfba877-9570-41cd-9808-9c69192267c4.png,4
./CIFAR10_Syn_Coreset/ipc50/deer/50c6701d-7131-4dbc-b697-4641b20b460c.png,4
./CIFAR10_Syn_Coreset/ipc50/deer/5417e2e6-1e22-4ee1-b65f-daae75a19126.png,4
./CIFAR10_Syn_Coreset/ipc50/deer/5481e480-3ed8-4ff7-9edf-78ba36e4fc37.png,4
./CIFAR10_Syn_Coreset/ipc50/deer/5531a68a-e285-401c-a91b-c93e7e42ca44.png,4
./CIFAR10_Syn_Coreset/ipc50/deer/5914df08-385f-4d33-a43a-879b667f5756.png,4
./CIFAR10_Syn_Coreset/ipc50/deer/5a5922b1-d67d-49a3-b256-a47ef2ad36cb.png,4
./CIFAR10_Syn_Coreset/ipc50/deer/6286969b-b1fa-4a43-b48d-742cbdf5eb5c.png,4
./CIFAR10_Syn_Coreset/ipc50/deer/65cb5200-adaa-4553-87c7-35be7511bcd1.png,4
./CIFAR10_Syn_Coreset/ipc50/deer/663de03d-ec42-47a6-a559-834603a52f36.png,4
./CIFAR10_Syn_Coreset/ipc50/deer/6887134f-91b3-4036-9022-c20d3ecd5047.png,4
./CIFAR10_Syn_Coreset/ipc50/deer/6ae30a8d-fa11-4996-acea-ce2889e2545f.png,4
./CIFAR10_Syn_Coreset/ipc50/deer/7c57b805-b456-47b4-a720-01191381595a.png,4
./CIFAR10_Syn_Coreset/ipc50/deer/80392a5a-4644-4f49-b026-d75403478ccc.png,4
./CIFAR10_Syn_Coreset/ipc50/deer/92596c8c-58ef-4c11-93e0-058d723fb2f7.png,4
./CIFAR10_Syn_Coreset/ipc50/deer/95ce45e6-00f2-4f05-8b3b-c1b3b1bf9ee3.png,4
./CIFAR10_Syn_Coreset/ipc50/deer/9fa810c1-dedf-4c75-a52f-7d66b9a6b1de.png,4
./CIFAR10_Syn_Coreset/ipc50/deer/a8f9169e-ea0e-4e28-8581-2a617a63d549.png,4
./CIFAR10_Syn_Coreset/ipc50/deer/adb81281-1315-4d80-9b10-ee4f23e2c45d.png,4
./CIFAR10_Syn_Coreset/ipc50/deer/b026345e-385b-4e51-8c06-d6dd5f9517f1.png,4
./CIFAR10_Syn_Coreset/ipc50/deer/bb86375a-2a97-46ad-9153-001fbd20b43b.png,4
./CIFAR10_Syn_Coreset/ipc50/deer/bfc2ff7b-35c7-413a-b295-8475c15e779b.png,4
./CIFAR10_Syn_Coreset/ipc50/deer/c4fcdd4b-6001-4473-98b7-6dd89fbdee90.png,4
./CIFAR10_Syn_Coreset/ipc50/deer/c6594c65-d251-4ff6-b5ae-46940eeb1f98.png,4
./CIFAR10_Syn_Coreset/ipc50/deer/c735e4ff-f69f-4006-a09a-6a8d2a620678.png,4
./CIFAR10_Syn_Coreset/ipc50/deer/ccb2608b-1ab0-442a-ba71-8b592b575435.png,4
./CIFAR10_Syn_Coreset/ipc50/deer/d1ae454d-fec8-4bb1-8304-440b73f1ad1f.png,4
./CIFAR10_Syn_Coreset/ipc50/deer/d23e983d-37f0-4185-bb1a-8ad7ce5f5a4a.png,4
./CIFAR10_Syn_Coreset/ipc50/deer/e295c432-d542-479f-850e-2ef67774b2b6.png,4
./CIFAR10_Syn_Coreset/ipc50/deer/e6de2837-b9c6-4cb6-980f-4cf6e6a3d1c5.png,4
./CIFAR10_Syn_Coreset/ipc50/deer/e88f6614-645a-4348-a2a4-ac7cf7456ebb.png,4
./CIFAR10_Syn_Coreset/ipc50/deer/edb00df5-ce1b-4731-a8ac-c217074f875a.png,4
./CIFAR10_Syn_Coreset/ipc50/deer/ee33e99e-7476-4965-af13-c332ed5ebf66.png,4
./CIFAR10_Syn_Coreset/ipc50/deer/eed1659d-5b92-4e94-8945-194e36bdcdfc.png,4
./CIFAR10_Syn_Coreset/ipc50/deer/f0b69aa1-d0af-43d9-aa6b-00404594aa30.png,4
./CIFAR10_Syn_Coreset/ipc50/deer/fb7f4c21-1a2b-491f-b221-294a435bb111.png,4
./CIFAR10_Syn_Coreset/ipc50/deer/fd47c68e-e2b1-4ee4-b297-c231f4f5663a.png,4
./CIFAR10_Syn_Coreset/ipc50/dog/028e914f-74f8-418e-9af5-036063798e0e.png,5
./CIFAR10_Syn_Coreset/ipc50/dog/0614f03c-7d4a-4204-9cd4-d088156f2243.png,5
./CIFAR10_Syn_Coreset/ipc50/dog/074e8177-c2da-4c31-b08a-c8da0f3bb5fc.png,5
./CIFAR10_Syn_Coreset/ipc50/dog/100cc2d5-5155-49f3-9183-ca1474b83ac9.png,5
./CIFAR10_Syn_Coreset/ipc50/dog/1089ed08-a60f-4d7e-8727-9901e4b7c91f.png,5
./CIFAR10_Syn_Coreset/ipc50/dog/160add02-38db-4344-81a3-686ff2d8dbb4.png,5
./CIFAR10_Syn_Coreset/ipc50/dog/1d512cff-fb04-4cb3-94a6-4af533878615.png,5
./CIFAR10_Syn_Coreset/ipc50/dog/2365c2ae-c08f-4fcd-9753-91f2bca9c59e.png,5
./CIFAR10_Syn_Coreset/ipc50/dog/27142f1c-96fc-446c-a530-cd3c043465ec.png,5
./CIFAR10_Syn_Coreset/ipc50/dog/2f90f2b8-cd0d-465d-aaeb-11b3fb609bd3.png,5
./CIFAR10_Syn_Coreset/ipc50/dog/306281f8-98eb-4286-87a1-881c92ee6d7f.png,5
./CIFAR10_Syn_Coreset/ipc50/dog/36a61cd7-f888-4e22-9922-16320e27219f.png,5
./CIFAR10_Syn_Coreset/ipc50/dog/3c41143f-38e7-4863-bde3-fa456602e2c6.png,5
./CIFAR10_Syn_Coreset/ipc50/dog/3d6c0d16-43f4-421d-af69-b35822f6f80c.png,5
./CIFAR10_Syn_Coreset/ipc50/dog/405468d7-05f3-4c57-82aa-8f3d9c104bfc.png,5
./CIFAR10_Syn_Coreset/ipc50/dog/4395b2fe-c0f9-4d12-8686-fd20176b573c.png,5
./CIFAR10_Syn_Coreset/ipc50/dog/4596890c-92de-4fa3-8d4d-f008c74fa782.png,5
./CIFAR10_Syn_Coreset/ipc50/dog/4ba7a7c3-c4b7-4422-8af4-dd95c16c2772.png,5
./CIFAR10_Syn_Coreset/ipc50/dog/516aa3f3-f93d-4e83-88e1-d1699208bee8.png,5
./CIFAR10_Syn_Coreset/ipc50/dog/54e32168-5246-499a-8854-177f4415a18b.png,5
./CIFAR10_Syn_Coreset/ipc50/dog/5775a37b-c981-4220-abcf-829446b31a5e.png,5
./CIFAR10_Syn_Coreset/ipc50/dog/594b8632-d00c-4080-b625-f9f6ff7c32bb.png,5
./CIFAR10_Syn_Coreset/ipc50/dog/5ff0e70a-5d92-4c20-b8c0-95bf6a3982f0.png,5
./CIFAR10_Syn_Coreset/ipc50/dog/60a970ea-0aa0-46e2-ba31-6af55bfd68ab.png,5
./CIFAR10_Syn_Coreset/ipc50/dog/60c85f7a-70c7-4eee-abf2-39ed36b93b27.png,5
./CIFAR10_Syn_Coreset/ipc50/dog/627e24f4-2d95-4d78-b168-09e7a2dacb69.png,5
./CIFAR10_Syn_Coreset/ipc50/dog/79bd1e50-d666-426f-bbcb-599a3f5dea8b.png,5
./CIFAR10_Syn_Coreset/ipc50/dog/7da69dd2-50e7-48c9-a1bd-ae964311468b.png,5
./CIFAR10_Syn_Coreset/ipc50/dog/7f286ba7-6c77-43be-a8cf-536cd536bf9c.png,5
./CIFAR10_Syn_Coreset/ipc50/dog/81e151c8-8b50-4178-8f32-b4938648f4fd.png,5
./CIFAR10_Syn_Coreset/ipc50/dog/8953f131-7d3f-4686-89e5-40fa9fb5f17e.png,5
./CIFAR10_Syn_Coreset/ipc50/dog/9356af21-e0d0-4962-a5aa-f4242c200f33.png,5
./CIFAR10_Syn_Coreset/ipc50/dog/9a6fad8d-9a34-4a9d-ab11-ea7cd7995385.png,5
./CIFAR10_Syn_Coreset/ipc50/dog/a16dce88-beb5-484e-b637-88b5c4e1ea24.png,5
./CIFAR10_Syn_Coreset/ipc50/dog/a1c5f1d2-c6f6-4338-8cf8-a53fec760a73.png,5
./CIFAR10_Syn_Coreset/ipc50/dog/a6a082d7-8bfa-4557-84d2-c7fe6ea7e162.png,5
./CIFAR10_Syn_Coreset/ipc50/dog/afba9bf7-c95d-49d5-83f5-747b7aaaf4d3.png,5
./CIFAR10_Syn_Coreset/ipc50/dog/b5cb2513-e4a7-4f8c-9844-46dce37beb7c.png,5
./CIFAR10_Syn_Coreset/ipc50/dog/b64c77b2-833c-40af-bb69-7c2f6e57c9f5.png,5
./CIFAR10_Syn_Coreset/ipc50/dog/b9230963-9ef1-40d7-925b-67008cc4eb2a.png,5
./CIFAR10_Syn_Coreset/ipc50/dog/bcbcd3de-062a-4767-be54-8800c3518c3b.png,5
./CIFAR10_Syn_Coreset/ipc50/dog/c8d665f5-2ddb-4c55-b49f-93c4e8fb97c5.png,5
./CIFAR10_Syn_Coreset/ipc50/dog/cebb8100-ae52-441a-b175-13dd3af1878f.png,5
./CIFAR10_Syn_Coreset/ipc50/dog/d4f26c4f-cc76-4194-890d-fd93dd5f96cb.png,5
./CIFAR10_Syn_Coreset/ipc50/dog/e2346cc2-2595-43a6-99de-5ed53d94e96a.png,5
./CIFAR10_Syn_Coreset/ipc50/dog/e691328e-8a86-4fc4-9824-c056b7cfa22e.png,5
./CIFAR10_Syn_Coreset/ipc50/dog/f61c79e8-d795-453b-bf1b-f2bc035abec4.png,5
./CIFAR10_Syn_Coreset/ipc50/dog/fb21b934-f290-4845-9ef4-8118735456af.png,5
./CIFAR10_Syn_Coreset/ipc50/dog/fde60def-ddc8-4837-9ca5-bdcf7c63ee8e.png,5
./CIFAR10_Syn_Coreset/ipc50/dog/fdfda6b5-0270-4064-9e87-44ce3a279ea3.png,5
./CIFAR10_Syn_Coreset/ipc50/frog/048601ad-7d46-467b-bd9c-75a7a171dfd8.png,6
./CIFAR10_Syn_Coreset/ipc50/frog/092895a1-1610-4c60-bc14-b2413bcf3d63.png,6
./CIFAR10_Syn_Coreset/ipc50/frog/103068bc-d219-4eab-9563-d60ee8c86dfb.png,6
./CIFAR10_Syn_Coreset/ipc50/frog/1040c7e3-593b-4e0c-98ca-2df78e689bb7.png,6
./CIFAR10_Syn_Coreset/ipc50/frog/1c645bd1-3f49-490d-a97b-b82f6d00d4bf.png,6
./CIFAR10_Syn_Coreset/ipc50/frog/1ff6755a-f4ce-4940-aabd-d82daea62337.png,6
./CIFAR10_Syn_Coreset/ipc50/frog/20ff4cfe-0956-416d-b29e-694122a83ac7.png,6
./CIFAR10_Syn_Coreset/ipc50/frog/2411d7af-0e29-4fd4-91a6-e1ed2ecfc936.png,6
./CIFAR10_Syn_Coreset/ipc50/frog/3675fc98-531b-431c-b953-3a57d0327795.png,6
./CIFAR10_Syn_Coreset/ipc50/frog/4d65a59d-5666-4740-8364-760789bfdc63.png,6
./CIFAR10_Syn_Coreset/ipc50/frog/565d2960-5776-46aa-a6ea-05e814931cbd.png,6
./CIFAR10_Syn_Coreset/ipc50/frog/658c2df6-da8c-4f8b-ac40-446cb8520051.png,6
./CIFAR10_Syn_Coreset/ipc50/frog/6d1534ee-23ea-4868-84b9-dc288f78d507.png,6
./CIFAR10_Syn_Coreset/ipc50/frog/6d568079-bf11-4def-8ff1-af7522294868.png,6
./CIFAR10_Syn_Coreset/ipc50/frog/744993d7-71bb-405d-89c6-83ab353c058b.png,6
./CIFAR10_Syn_Coreset/ipc50/frog/799d1b22-c848-4b85-b846-4bf29a5185ee.png,6
./CIFAR10_Syn_Coreset/ipc50/frog/7e22d696-6631-4423-b4b0-484ba101bdfe.png,6
./CIFAR10_Syn_Coreset/ipc50/frog/87942129-bde6-4691-8308-48875e387494.png,6
./CIFAR10_Syn_Coreset/ipc50/frog/88388c31-eb07-4563-9108-ce9ea7ce9df1.png,6
./CIFAR10_Syn_Coreset/ipc50/frog/88d0df82-c76c-4bfa-bba5-d02a4c74b824.png,6
./CIFAR10_Syn_Coreset/ipc50/frog/89b31f45-ecfa-4723-b560-12577735e878.png,6
./CIFAR10_Syn_Coreset/ipc50/frog/91d0911e-a0f3-47b8-bc58-fabf3d635420.png,6
./CIFAR10_Syn_Coreset/ipc50/frog/9300aaf8-d251-4ec1-a1cc-6a60d5c91353.png,6
./CIFAR10_Syn_Coreset/ipc50/frog/964879ce-19d8-4913-a39e-2e67a55d6d8e.png,6
./CIFAR10_Syn_Coreset/ipc50/frog/9b6986b2-51ee-46be-a7de-a4f47e5452b6.png,6
./CIFAR10_Syn_Coreset/ipc50/frog/adb6da4d-4fc6-4da7-9b93-7b0cffd1401b.png,6
./CIFAR10_Syn_Coreset/ipc50/frog/b0189aef-cdab-489f-bfec-68d891324207.png,6
./CIFAR10_Syn_Coreset/ipc50/frog/b3c366d3-2122-4e78-bff8-2f9b0694be82.png,6
./CIFAR10_Syn_Coreset/ipc50/frog/b8f752ec-1e14-4a68-abdc-4d5949061a4a.png,6
./CIFAR10_Syn_Coreset/ipc50/frog/c0a61314-5265-4dd7-91dd-d2d0ab938539.png,6
./CIFAR10_Syn_Coreset/ipc50/frog/c9a53976-2e6b-46f3-ac1c-ffd7af37e943.png,6
./CIFAR10_Syn_Coreset/ipc50/frog/cbd3c392-7c7a-4fff-83a6-fd9b2caaa952.png,6
./CIFAR10_Syn_Coreset/ipc50/frog/d3a34464-b5b4-4016-8aab-2fca664ba274.png,6
./CIFAR10_Syn_Coreset/ipc50/frog/d452765d-6c70-4718-9117-2bfc16277aa6.png,6
./CIFAR10_Syn_Coreset/ipc50/frog/dc2b094e-9d27-4f2d-9403-c803453c85de.png,6
./CIFAR10_Syn_Coreset/ipc50/frog/dcf495b5-a90c-4b0d-8a28-e5ba300f18fb.png,6
./CIFAR10_Syn_Coreset/ipc50/frog/df1fe839-5edc-42e5-851a-0e02ace0e591.png,6
./CIFAR10_Syn_Coreset/ipc50/frog/df75417b-112c-490c-828b-a5dd1542f742.png,6
./CIFAR10_Syn_Coreset/ipc50/frog/dfa791c4-6550-44ab-bb6e-546f69fd46e1.png,6
./CIFAR10_Syn_Coreset/ipc50/frog/e5b9ec9e-765c-43d6-9d5d-4e7bf8902c55.png,6
./CIFAR10_Syn_Coreset/ipc50/frog/e77458a8-a577-4feb-984f-9e50047cae67.png,6
./CIFAR10_Syn_Coreset/ipc50/frog/e8db8a2b-43ad-46db-9393-294ae5b95c4d.png,6
./CIFAR10_Syn_Coreset/ipc50/frog/eafdddf3-b41f-43b8-9147-f3d8e293d316.png,6
./CIFAR10_Syn_Coreset/ipc50/frog/ed32c21a-757a-4795-b887-7e8ac7678c25.png,6
./CIFAR10_Syn_Coreset/ipc50/frog/ed358fe9-e350-476a-a534-e46644d6e57d.png,6
./CIFAR10_Syn_Coreset/ipc50/frog/ee711d24-c467-4c27-b2ca-54074dacfcc7.png,6
./CIFAR10_Syn_Coreset/ipc50/frog/f345cf5c-937b-4797-ad3b-c3eb1338c9f4.png,6
./CIFAR10_Syn_Coreset/ipc50/frog/fa053fde-a1d5-456f-ae83-8c09ece2e0f3.png,6
./CIFAR10_Syn_Coreset/ipc50/frog/fd14bdb5-0dfb-4b09-b355-1afe92334c05.png,6
./CIFAR10_Syn_Coreset/ipc50/frog/feba24cc-46ab-4965-8ee1-3520f8beefb0.png,6
./CIFAR10_Syn_Coreset/ipc50/horse/0e261b13-e53c-4538-8e66-f6c92dfaf9e5.png,7
./CIFAR10_Syn_Coreset/ipc50/horse/0e6b460b-92fb-4752-af4e-26aee12315f4.png,7
./CIFAR10_Syn_Coreset/ipc50/horse/164792ab-38ff-473e-b648-55fc4d4a8cec.png,7
./CIFAR10_Syn_Coreset/ipc50/horse/192c8ee0-3c34-430f-95d1-36e64003ba0a.png,7
./CIFAR10_Syn_Coreset/ipc50/horse/1a92e85b-a666-430b-89d4-b9a46fc4ce10.png,7
./CIFAR10_Syn_Coreset/ipc50/horse/1e75d1ba-69d3-4db7-b37b-2c2e5139315e.png,7
./CIFAR10_Syn_Coreset/ipc50/horse/1f42b19a-63db-412d-a907-dbdfbedb93aa.png,7
./CIFAR10_Syn_Coreset/ipc50/horse/239cdde0-ed8f-490a-ab62-9f6057c71802.png,7
./CIFAR10_Syn_Coreset/ipc50/horse/25644253-84d0-4c6b-bd30-68ab19bbd092.png,7
./CIFAR10_Syn_Coreset/ipc50/horse/2e3a571d-1924-43f5-8998-666c8cd53529.png,7
./CIFAR10_Syn_Coreset/ipc50/horse/34f3f498-c2cd-4b49-84f3-3c9b0cd06881.png,7
./CIFAR10_Syn_Coreset/ipc50/horse/3541454a-1267-4c33-92eb-a0fff6b3d663.png,7
./CIFAR10_Syn_Coreset/ipc50/horse/38495117-c214-42bb-94eb-5d2aadbad436.png,7
./CIFAR10_Syn_Coreset/ipc50/horse/38e18ec4-3a3f-4a41-a56b-27b67b8ed7d1.png,7
./CIFAR10_Syn_Coreset/ipc50/horse/409fa0dd-51e7-4d85-98a1-f874bc79c65a.png,7
./CIFAR10_Syn_Coreset/ipc50/horse/425de819-819f-4180-9052-174739f2150f.png,7
./CIFAR10_Syn_Coreset/ipc50/horse/43d147d8-af6d-4b61-94b7-bd5dd93465ff.png,7
./CIFAR10_Syn_Coreset/ipc50/horse/4677ea7b-609a-4ff5-b9fb-009e0430ec77.png,7
./CIFAR10_Syn_Coreset/ipc50/horse/4a58b20e-2710-49bb-809c-1643da3c2b25.png,7
./CIFAR10_Syn_Coreset/ipc50/horse/50a980ca-45ca-4116-a6e9-27c1601e49be.png,7
./CIFAR10_Syn_Coreset/ipc50/horse/53916eac-c611-487f-99f6-416b11574dad.png,7
./CIFAR10_Syn_Coreset/ipc50/horse/5e04cc10-d8c9-4d97-b7c1-11fc9b75d1b9.png,7
./CIFAR10_Syn_Coreset/ipc50/horse/72eeb46e-7fd5-423f-a702-2a192f756756.png,7
./CIFAR10_Syn_Coreset/ipc50/horse/76a83b41-24bb-44c8-9f8b-0f79aa0bfe57.png,7
./CIFAR10_Syn_Coreset/ipc50/horse/8281b39d-fcbc-42c1-a03c-3c28cd78956a.png,7
./CIFAR10_Syn_Coreset/ipc50/horse/8c14c4a8-27a7-41dd-aef5-9736db7203ab.png,7
./CIFAR10_Syn_Coreset/ipc50/horse/9480218b-5a29-4250-aad3-8483db97bd3f.png,7
./CIFAR10_Syn_Coreset/ipc50/horse/a0e93c7e-d94d-496e-b804-2cabb94589e6.png,7
./CIFAR10_Syn_Coreset/ipc50/horse/a7e34930-fb8a-479d-b592-0aaca6d091d5.png,7
./CIFAR10_Syn_Coreset/ipc50/horse/ac37231d-d1c9-4359-b639-d74089dd85e9.png,7
./CIFAR10_Syn_Coreset/ipc50/horse/b5423228-9270-46dc-a33f-d2b1606768a0.png,7
./CIFAR10_Syn_Coreset/ipc50/horse/b6bc92c5-b061-4304-87aa-d1333e7209c4.png,7
./CIFAR10_Syn_Coreset/ipc50/horse/b88de92b-b6f1-48c0-9ea9-8703d551f1a0.png,7
./CIFAR10_Syn_Coreset/ipc50/horse/b9ed8567-6196-4cdd-ac1f-450c0d56f1d3.png,7
./CIFAR10_Syn_Coreset/ipc50/horse/ba872610-b772-4daa-adcc-09cc2238b43e.png,7
./CIFAR10_Syn_Coreset/ipc50/horse/c26c4827-cd5a-4132-b337-7a01a2bcbee4.png,7
./CIFAR10_Syn_Coreset/ipc50/horse/c2ac6692-604e-4636-8306-54d4a9abc1a2.png,7
./CIFAR10_Syn_Coreset/ipc50/horse/c5eb01ab-1f05-48c5-b56d-ccc5259aee9b.png,7
./CIFAR10_Syn_Coreset/ipc50/horse/d4cef269-842b-48ae-8394-5a79edacd064.png,7
./CIFAR10_Syn_Coreset/ipc50/horse/d6a6b2c5-2b57-4cd6-91f1-058901b4633d.png,7
./CIFAR10_Syn_Coreset/ipc50/horse/d7dfc9c5-27a9-489b-a48f-3c7a5c7af67c.png,7
./CIFAR10_Syn_Coreset/ipc50/horse/e47a20e9-bc3f-4236-ba62-f24ff67d87ef.png,7
./CIFAR10_Syn_Coreset/ipc50/horse/e8fc6536-1a23-44ec-9635-2297722472af.png,7
./CIFAR10_Syn_Coreset/ipc50/horse/eec0a06e-ef92-4f05-bbe2-c01b00f5d9d2.png,7
./CIFAR10_Syn_Coreset/ipc50/horse/f2f13c8e-43b4-4404-8139-e81fc2d7dcb4.png,7
./CIFAR10_Syn_Coreset/ipc50/horse/f528e50e-672c-41e5-8043-2304a08e63aa.png,7
./CIFAR10_Syn_Coreset/ipc50/horse/f63e43ce-688a-4cb8-a72d-dbedfa3f428a.png,7
./CIFAR10_Syn_Coreset/ipc50/horse/f6ca1e45-4c6d-4621-bc22-43360a2dd72a.png,7
./CIFAR10_Syn_Coreset/ipc50/horse/feb80b36-06bd-4832-9d94-6a57f181e35b.png,7
./CIFAR10_Syn_Coreset/ipc50/horse/ff845321-be95-4f31-9b46-2f88040e4e08.png,7
./CIFAR10_Syn_Coreset/ipc50/ship/05392e25-493c-4097-8eb2-854a5b7c234d.png,8
./CIFAR10_Syn_Coreset/ipc50/ship/0c4d0129-3b3f-4451-af67-c1c762f19a2c.png,8
./CIFAR10_Syn_Coreset/ipc50/ship/152dcb3a-0544-42eb-8290-01f04ec66d3e.png,8
./CIFAR10_Syn_Coreset/ipc50/ship/1a25a6c3-bc41-49d0-9728-eb040acddd36.png,8
./CIFAR10_Syn_Coreset/ipc50/ship/1a7c68e7-3e42-47da-8cf1-0caaeb39c55b.png,8
./CIFAR10_Syn_Coreset/ipc50/ship/1cc1c4ed-5d48-4dc4-b0a6-b329fdd721b3.png,8
./CIFAR10_Syn_Coreset/ipc50/ship/240bd082-dc13-4370-b7e5-b61e30c00982.png,8
./CIFAR10_Syn_Coreset/ipc50/ship/2414bd68-9d85-4406-bc2d-fa9c070ef76b.png,8
./CIFAR10_Syn_Coreset/ipc50/ship/343c0def-aea9-4c07-9114-b2faa6c11ce6.png,8
./CIFAR10_Syn_Coreset/ipc50/ship/3b359cd0-b450-4fc5-afd4-46858fdaf215.png,8
./CIFAR10_Syn_Coreset/ipc50/ship/3ea25ee2-ccd6-4358-81b4-cf57ed3b92be.png,8
./CIFAR10_Syn_Coreset/ipc50/ship/3f796d92-a0b2-4a79-a129-c54e83d4b71c.png,8
./CIFAR10_Syn_Coreset/ipc50/ship/428eeb94-aee3-434c-b7b5-2dcd9c2dfa6b.png,8
./CIFAR10_Syn_Coreset/ipc50/ship/44d28f64-53c7-4e58-8633-9e192af04e7c.png,8
./CIFAR10_Syn_Coreset/ipc50/ship/471f7e52-d062-453d-9411-d620515d57f5.png,8
./CIFAR10_Syn_Coreset/ipc50/ship/4a7cab24-a5c1-4db0-88f6-023b5faf0aa7.png,8
./CIFAR10_Syn_Coreset/ipc50/ship/4ecbb133-45eb-4db7-914f-aea2ac1ea394.png,8
./CIFAR10_Syn_Coreset/ipc50/ship/5653075e-b760-4a18-a769-46fc1c22bc78.png,8
./CIFAR10_Syn_Coreset/ipc50/ship/5b11eaa4-4321-4bea-b82e-3f00e52e670d.png,8
./CIFAR10_Syn_Coreset/ipc50/ship/5bd40d36-0225-41ca-99da-c8a96e34b02e.png,8
./CIFAR10_Syn_Coreset/ipc50/ship/5f6e854b-5210-4cd8-9fd4-f7b1a757e05c.png,8
./CIFAR10_Syn_Coreset/ipc50/ship/6b2797b4-8d43-42e7-8eed-f5859aa01730.png,8
./CIFAR10_Syn_Coreset/ipc50/ship/6c90621f-5e12-4d55-9c1a-bdbe25c69ef4.png,8
./CIFAR10_Syn_Coreset/ipc50/ship/6f6fa3da-66ee-4d08-9445-caf90ddf0884.png,8
./CIFAR10_Syn_Coreset/ipc50/ship/745a7e06-8c81-4092-b8bc-38961ec9f0fe.png,8
./CIFAR10_Syn_Coreset/ipc50/ship/7ba2eebe-77b6-4a4e-98eb-58e8edc2079c.png,8
./CIFAR10_Syn_Coreset/ipc50/ship/88cfc823-d2b5-4a4d-9734-22657a3454bc.png,8
./CIFAR10_Syn_Coreset/ipc50/ship/8c0a782b-0321-4214-bffc-3f325bf214de.png,8
./CIFAR10_Syn_Coreset/ipc50/ship/8c186a3a-60ab-4496-bf6d-1a3fc6648b4e.png,8
./CIFAR10_Syn_Coreset/ipc50/ship/8fede767-10a4-4b13-8454-65a41a184717.png,8
./CIFAR10_Syn_Coreset/ipc50/ship/913916ee-617a-4778-a83a-79ab16b0c1f7.png,8
./CIFAR10_Syn_Coreset/ipc50/ship/91cea7f1-c238-4eb9-97ff-59ff2265ef25.png,8
./CIFAR10_Syn_Coreset/ipc50/ship/9ca4f13b-4b62-4d73-8881-91e578658d30.png,8
./CIFAR10_Syn_Coreset/ipc50/ship/9f16ecf2-392f-4854-99d3-c1fa5d5ee907.png,8
./CIFAR10_Syn_Coreset/ipc50/ship/a01bfddc-228c-4719-a38f-2e49d2882489.png,8
./CIFAR10_Syn_Coreset/ipc50/ship/a19e6228-fa9e-40f9-96b4-418731b123dd.png,8
./CIFAR10_Syn_Coreset/ipc50/ship/a7ed5328-7257-4404-9662-6e4d7c453fa7.png,8
./CIFAR10_Syn_Coreset/ipc50/ship/b1f0ffa1-0d9a-4b67-ba3c-c6d33261a655.png,8
./CIFAR10_Syn_Coreset/ipc50/ship/b8469d1b-d76c-4199-9d85-d5414d510fb9.png,8
./CIFAR10_Syn_Coreset/ipc50/ship/bc6f2e36-2d5e-4db6-b30e-d4588df0a3a2.png,8
./CIFAR10_Syn_Coreset/ipc50/ship/c2cf095f-caab-4344-b912-ddf46f98a7df.png,8
./CIFAR10_Syn_Coreset/ipc50/ship/c714db44-6b66-436a-b221-6c6fb1cbcef2.png,8
./CIFAR10_Syn_Coreset/ipc50/ship/dbd9abc2-9bae-4ed4-ba57-96627be03727.png,8
./CIFAR10_Syn_Coreset/ipc50/ship/e9d4945a-699c-41a8-a8dc-e85fa060456e.png,8
./CIFAR10_Syn_Coreset/ipc50/ship/ecb7a08c-b7e4-4e6a-ad3b-8bc4a26477de.png,8
./CIFAR10_Syn_Coreset/ipc50/ship/ed5c43b1-7ad2-4f0c-bb5c-027a13fe522e.png,8
./CIFAR10_Syn_Coreset/ipc50/ship/f2baf451-8492-4a02-821c-df9b57724157.png,8
./CIFAR10_Syn_Coreset/ipc50/ship/fddc72eb-c510-44c9-addd-ae1dc163290c.png,8
./CIFAR10_Syn_Coreset/ipc50/ship/fe1ef940-11d0-426e-8c85-88f32ee5d20a.png,8
./CIFAR10_Syn_Coreset/ipc50/ship/ffee65a2-f226-4876-b74b-90ed44021c86.png,8
./CIFAR10_Syn_Coreset/ipc50/truck/02611a7b-93d9-4d80-a108-c3a1679d86d8.png,9
./CIFAR10_Syn_Coreset/ipc50/truck/067d7b6a-8f6d-4d5e-97a8-f6d656e6bc40.png,9
./CIFAR10_Syn_Coreset/ipc50/truck/072ec8b6-b6bb-4268-8d2d-7bb099dcdba5.png,9
./CIFAR10_Syn_Coreset/ipc50/truck/072f4b84-deec-4c6d-b2f1-7df67048e2e5.png,9
./CIFAR10_Syn_Coreset/ipc50/truck/11aadb03-1999-49df-84ee-2b2d085002ce.png,9
./CIFAR10_Syn_Coreset/ipc50/truck/11fab8cb-ec2b-4078-bf38-771ea1a0bf6b.png,9
./CIFAR10_Syn_Coreset/ipc50/truck/15cc6f1d-9fc4-4803-9e6a-aee6769642fc.png,9
./CIFAR10_Syn_Coreset/ipc50/truck/15e8c4b1-dca6-48dc-bf76-cd56e898f0f6.png,9
./CIFAR10_Syn_Coreset/ipc50/truck/15ffdce9-a2b4-4f4f-aa51-b300a7062626.png,9
./CIFAR10_Syn_Coreset/ipc50/truck/1deaa52d-ca79-4b66-94c4-37ae9924b758.png,9
./CIFAR10_Syn_Coreset/ipc50/truck/293d04b5-3adb-400d-85b9-0bc94ecde38b.png,9
./CIFAR10_Syn_Coreset/ipc50/truck/3065f521-2abd-465a-81f7-ad439a54ec04.png,9
./CIFAR10_Syn_Coreset/ipc50/truck/34f9c285-0a4d-4f35-b845-13f0c73cfa02.png,9
./CIFAR10_Syn_Coreset/ipc50/truck/3d02bd39-4026-4388-b6c7-ab6cc3918cb2.png,9
./CIFAR10_Syn_Coreset/ipc50/truck/42056f0b-f40f-4ed8-aef6-96cc6f2b1c1a.png,9
./CIFAR10_Syn_Coreset/ipc50/truck/4c4e4d0c-9434-4e54-9d8a-25c2dc2690d7.png,9
./CIFAR10_Syn_Coreset/ipc50/truck/4ca1e212-9608-411d-a458-9e10124844a3.png,9
./CIFAR10_Syn_Coreset/ipc50/truck/58698d69-bdca-40a7-9e48-7db0f4a2f48f.png,9
./CIFAR10_Syn_Coreset/ipc50/truck/5bf9a956-fb0f-4ade-aab7-17c1f9f7ff04.png,9
./CIFAR10_Syn_Coreset/ipc50/truck/5f52e5f3-6b1e-4024-a0e0-3d328557187e.png,9
./CIFAR10_Syn_Coreset/ipc50/truck/5feaab73-ab74-4062-8e6b-9fff15941e54.png,9
./CIFAR10_Syn_Coreset/ipc50/truck/606b8339-f2ed-4be4-889c-68a0e99929ef.png,9
./CIFAR10_Syn_Coreset/ipc50/truck/6b19657c-d6e5-431c-8989-6517ce9a06d0.png,9
./CIFAR10_Syn_Coreset/ipc50/truck/6c71c1b8-e651-4761-aadb-a305e06e1ac2.png,9
./CIFAR10_Syn_Coreset/ipc50/truck/710a451c-efdc-4aa9-971b-949e454be0c6.png,9
./CIFAR10_Syn_Coreset/ipc50/truck/7eef8c85-b1db-49e6-bd47-60f58cf05414.png,9
./CIFAR10_Syn_Coreset/ipc50/truck/82d0e051-49d3-4feb-b0a6-ec815e48a743.png,9
./CIFAR10_Syn_Coreset/ipc50/truck/84e7c874-dcd6-47bd-b530-41d07b21690d.png,9
./CIFAR10_Syn_Coreset/ipc50/truck/865a3c21-7631-4d6c-a5a3-3a82f6e33004.png,9
./CIFAR10_Syn_Coreset/ipc50/truck/89424cc8-b6b6-4c24-a3bb-4c3c0791c87c.png,9
./CIFAR10_Syn_Coreset/ipc50/truck/98add643-9e79-4a44-8571-afb9da08f053.png,9
./CIFAR10_Syn_Coreset/ipc50/truck/9d1e08f4-900a-4f87-b5aa-51b4fc70ba60.png,9
./CIFAR10_Syn_Coreset/ipc50/truck/a5f06c40-e36f-48eb-87fb-4ac83c29790c.png,9
./CIFAR10_Syn_Coreset/ipc50/truck/aca19aff-b65f-451c-8b16-a693b2480517.png,9
./CIFAR10_Syn_Coreset/ipc50/truck/b001916f-0c58-45ad-8c89-a274b6554392.png,9
./CIFAR10_Syn_Coreset/ipc50/truck/b45b81ce-d386-4b2e-af4e-db2b7b04bd8f.png,9
./CIFAR10_Syn_Coreset/ipc50/truck/b74862b1-eb7d-4d7c-8e6e-bc83da94159e.png,9
./CIFAR10_Syn_Coreset/ipc50/truck/c1fd09d6-1ced-4eca-8550-8c027455d4c0.png,9
./CIFAR10_Syn_Coreset/ipc50/truck/cc1e2c6c-b14c-4bc6-94ec-e110f68cba8a.png,9
./CIFAR10_Syn_Coreset/ipc50/truck/ceca15e4-85fa-4add-ab64-cc208b94e495.png,9
./CIFAR10_Syn_Coreset/ipc50/truck/ee4de579-9b0a-476b-ad9b-d1232905cbff.png,9
./CIFAR10_Syn_Coreset/ipc50/truck/ee75d324-20c5-40d0-b6be-2657c9aa6942.png,9
./CIFAR10_Syn_Coreset/ipc50/truck/ef0d2395-6a87-42e8-a97d-36eb3fa465c4.png,9
./CIFAR10_Syn_Coreset/ipc50/truck/f212ad89-f12b-4cf6-aa27-33700a66556c.png,9
./CIFAR10_Syn_Coreset/ipc50/truck/f6dfedc6-6458-4df8-8bcb-510f0a1bb3cd.png,9
./CIFAR10_Syn_Coreset/ipc50/truck/fabf9220-f4fc-4ecb-bf76-04bceb88c680.png,9
./CIFAR10_Syn_Coreset/ipc50/truck/fbed56e7-22c2-4cb2-bdf2-27d7fa6f0ce6.png,9
./CIFAR10_Syn_Coreset/ipc50/truck/fc38613e-d526-4cd5-aa11-f26531a70364.png,9
./CIFAR10_Syn_Coreset/ipc50/truck/fd6d1e6c-4a85-4bba-a677-db926303c6c3.png,9
./CIFAR10_Syn_Coreset/ipc50/truck/ffc6ba1f-8e5a-452c-9c6b-2caa6bc1a9e7.png,9
